Subject	Trial	Event Type	Code	Time	TTime	Uncertainty...7	Duration	Uncertainty...9	ReqTime	ReqDur	Stim Type	Pair Index
SB3_027	1	Picture	ripnp	10167	0	1	50131	1	0	50000	other	0
SB3_027	2	Picture	ricordaneutralprova	60465	0	1	50131	1	0	50000	other	0
SB3_027	3	Picture	tre	110764	0	1	10026	1	0	10000	other	0
SB3_027	4	Picture	due	120957	0	1	10026	1	0	10000	other	0
SB3_027	5	Picture	uno	131150	0	1	10026	1	0	10000	other	0
SB3_027	6	Picture	zero	141344	0	1	10026	1	0	10000	other	0
SB3_027	7	Picture	neutraltest	151537	0	1	167	1	0	10	other	0
SB3_027	8	Picture	NMM	151871	0	1	20052	1	0	20000	other	0
SB3_027	8	Response	1	164202	12331	0	NA	NA	NA	NA	NA	NA
SB3_027	9	Picture	fix1	172091	0	1	10026	1	0	10000	other	0
SB3_027	10	Picture	NWK	182284	0	1	20052	1	0	20000	other	0
SB3_027	10	Response	2	189374	7090	0	NA	NA	NA	NA	NA	NA
SB3_027	11	Picture	fix1	202503	0	1	10026	1	0	10000	other	0
SB3_027	12	Picture	NMK	212697	0	1	20052	1	0	20000	other	0
SB3_027	12	Response	1	223102	10405	0	NA	NA	NA	NA	NA	NA
SB3_027	13	Picture	fix1	232916	0	1	10026	1	0	10000	other	0
SB3_027	14	Picture	NWBK	243110	0	1	20053	1	0	20000	other	0
SB3_027	14	Response	2	252651	9541	0	NA	NA	NA	NA	NA	NA
SB3_027	15	Picture	fix1	263329	0	1	10026	1	0	10000	other	0
SB3_027	16	Picture	ripfp	273523	0	1	50131	1	0	50000	other	0
SB3_027	17	Picture	ricordafacceprova	323821	0	1	50131	1	0	50000	other	0
SB3_027	18	Picture	tre	374119	0	1	10026	1	0	10000	other	0
SB3_027	19	Picture	due	384313	0	1	10026	1	0	10000	other	0
SB3_027	20	Picture	uno	394506	0	1	10026	1	0	10000	other	0
SB3_027	21	Picture	zero	404699	0	1	10026	1	0	10000	other	0
SB3_027	22	Picture	faccetest	414893	0	1	167	1	0	10	other	0
SB3_027	23	Picture	FMG	415227	0	1	20052	1	0	20000	other	0
SB3_027	23	Response	2	431040	15813	0	NA	NA	NA	NA	NA	NA
SB3_027	24	Picture	fix1	435446	0	1	10026	1	0	10000	other	0
SB3_027	25	Picture	FWR	445640	0	1	20052	1	0	20000	other	0
SB3_027	25	Response	2	458104	12464	0	NA	NA	NA	NA	NA	NA
SB3_027	26	Picture	fix1	465859	0	1	10026	1	0	10000	other	0
SB3_027	27	Picture	HWG	476053	0	1	20053	1	0	20000	other	0
SB3_027	27	Response	1	482183	6130	0	NA	NA	NA	NA	NA	NA
SB3_027	28	Picture	fix1	496272	0	1	10026	1	0	10000	other	0
SB3_027	29	Picture	HMR	506466	0	1	20052	1	0	20000	other	0
SB3_027	29	Response	1	514821	8355	0	NA	NA	NA	NA	NA	NA
SB3_027	30	Picture	fix1	526685	0	1	10026	1	0	10000	other	0
SB3_027	31	Picture	ripn	536878	0	1	50131	1	0	50000	other	0
SB3_027	32	Picture	ricordaneutral	587177	0	1	50131	1	0	50000	other	0
SB3_027	33	Picture	avvneutral	637475	0	1	50131	1	0	50000	other	0
SB3_027	34	Picture	cinque	687773	0	1	10026	1	0	10000	other	0
SB3_027	35	Picture	quattro	697967	0	1	10026	1	0	10000	other	0
SB3_027	36	Picture	tre	708160	0	1	10026	1	0	10000	other	0
SB3_027	37	Picture	due	718353	0	1	10026	1	0	10000	other	0
SB3_027	38	Picture	uno	728547	0	1	10026	1	0	10000	other	0
SB3_027	39	Picture	zero	738740	0	1	10026	1	0	10000	other	0
SB3_027	40	Picture	pazzo	748933	0	1	167	1	0	10	other	0
SB3_027	41	Picture	NMBM	749268	0	1	20052	1	0	20000	other	0
SB3_027	41	Response	1	754231	4964	0	NA	NA	NA	NA	NA	NA
SB3_027	42	Picture	fix1	769487	0	1	10026	1	0	10000	other	0
SB3_027	43	Picture	NMK	779680	0	1	20052	1	0	20000	other	0
SB3_027	43	Response	1	786176	6496	0	NA	NA	NA	NA	NA	NA
SB3_027	44	Picture	fix1	799900	0	1	10026	1	0	10000	other	0
SB3_027	45	Picture	NWBM	810260	0	1	20052	1	0	20000	other	0
SB3_027	45	Response	2	816925	6665	0	NA	NA	NA	NA	NA	NA
SB3_027	46	Picture	fix1	830480	0	1	10026	1	0	10000	other	0
SB3_027	47	Picture	NWK	840673	0	1	20052	1	0	20000	other	0
SB3_027	47	Response	2	854443	13770	0	NA	NA	NA	NA	NA	NA
SB3_027	48	Picture	fix1	860893	0	1	10026	1	0	10000	other	0
SB3_027	49	Picture	NMBK	871086	0	1	20052	1	0	20000	other	0
SB3_027	49	Response	1	874944	3857	0	NA	NA	NA	NA	NA	NA
SB3_027	50	Picture	fix1	891306	0	1	10026	1	0	10000	other	0
SB3_027	51	Picture	NWM	901499	0	1	20052	1	0	20000	other	0
SB3_027	51	Response	2	906190	4691	0	NA	NA	NA	NA	NA	NA
SB3_027	52	Picture	fix1	921719	0	1	10026	1	0	10000	other	0
SB3_027	53	Picture	NMM	931912	0	1	20053	1	0	20000	other	0
SB3_027	53	Response	1	936445	4533	0	NA	NA	NA	NA	NA	NA
SB3_027	54	Picture	fix1	952132	0	1	10026	1	0	10000	other	0
SB3_027	55	Picture	NWBK	962325	0	1	20053	1	0	20000	other	0
SB3_027	55	Response	2	966597	4272	0	NA	NA	NA	NA	NA	NA
SB3_027	56	Picture	fix1	982544	0	1	10026	1	0	10000	other	0
SB3_027	57	Picture	NMBM	992738	0	1	20052	1	0	20000	other	0
SB3_027	57	Response	1	997646	4908	0	NA	NA	NA	NA	NA	NA
SB3_027	58	Picture	fix1	1012957	0	1	10026	1	0	10000	other	0
SB3_027	59	Picture	NMK	1023151	0	1	20052	1	0	20000	other	0
SB3_027	59	Response	1	1030586	7436	0	NA	NA	NA	NA	NA	NA
SB3_027	60	Picture	fix1	1043370	0	1	10026	1	0	10000	other	0
SB3_027	61	Picture	NWBM	1053564	0	1	20053	1	0	20000	other	0
SB3_027	61	Response	2	1062134	8571	0	NA	NA	NA	NA	NA	NA
SB3_027	62	Picture	fix1	1073783	0	1	10026	1	0	10000	other	0
SB3_027	63	Picture	NWK	1083977	0	1	20052	1	0	20000	other	0
SB3_027	63	Response	2	1090498	6521	0	NA	NA	NA	NA	NA	NA
SB3_027	64	Picture	fix1	1104196	0	1	10026	1	0	10000	other	0
SB3_027	65	Picture	NMBK	1114390	0	1	20052	1	0	20000	other	0
SB3_027	65	Response	1	1118165	3775	0	NA	NA	NA	NA	NA	NA
SB3_027	66	Picture	fix1	1134609	0	1	10026	1	0	10000	other	0
SB3_027	67	Picture	NWM	1144802	0	1	20053	1	0	20000	other	0
SB3_027	67	Response	2	1150510	5707	0	NA	NA	NA	NA	NA	NA
SB3_027	68	Picture	fix1	1165022	0	1	10026	1	0	10000	other	0
SB3_027	69	Picture	NMM	1175215	0	1	20052	1	0	20000	other	0
SB3_027	69	Response	1	1178775	3560	0	NA	NA	NA	NA	NA	NA
SB3_027	70	Picture	fix1	1195435	0	1	10026	1	0	10000	other	0
SB3_027	71	Picture	NWBK	1205628	0	1	20052	1	0	20000	other	0
SB3_027	71	Response	2	1212515	6887	0	NA	NA	NA	NA	NA	NA
SB3_027	72	Picture	fix1	1225848	0	1	10026	1	0	10000	other	0
SB3_027	73	Picture	NMBM	1236041	0	1	20052	1	0	20000	other	0
SB3_027	73	Response	1	1240734	4693	0	NA	NA	NA	NA	NA	NA
SB3_027	74	Picture	fix1	1256261	0	1	10026	1	0	10000	other	0
SB3_027	75	Picture	NMK	1266454	0	1	20053	1	0	20000	other	0
SB3_027	75	Response	1	1272632	6178	0	NA	NA	NA	NA	NA	NA
SB3_027	76	Picture	fix1	1286674	0	1	10026	1	0	10000	other	0
SB3_027	77	Picture	NWBM	1296867	0	1	20052	1	0	20000	other	0
SB3_027	77	Response	2	1303985	7118	0	NA	NA	NA	NA	NA	NA
SB3_027	78	Picture	fix1	1317087	0	1	10026	1	0	10000	other	0
SB3_027	79	Picture	NWK	1327280	0	1	20053	1	0	20000	other	0
SB3_027	79	Response	2	1332650	5370	0	NA	NA	NA	NA	NA	NA
SB3_027	80	Picture	fix1	1347499	0	1	10026	1	0	10000	other	0
SB3_027	81	Picture	NMBK	1357693	0	1	20052	1	0	20000	other	0
SB3_027	81	Response	1	1361615	3922	0	NA	NA	NA	NA	NA	NA
SB3_027	82	Picture	fix1	1377912	0	1	10026	1	0	10000	other	0
SB3_027	83	Picture	NWM	1388106	0	1	20052	1	0	20000	other	0
SB3_027	83	Response	2	1393369	5263	0	NA	NA	NA	NA	NA	NA
SB3_027	84	Picture	fix1	1408325	0	1	10026	1	0	10000	other	0
SB3_027	85	Picture	NMM	1418519	0	1	20052	1	0	20000	other	0
SB3_027	85	Response	1	1422734	4215	0	NA	NA	NA	NA	NA	NA
SB3_027	86	Picture	fix1	1438738	0	1	10026	1	0	10000	other	0
SB3_027	87	Picture	NWBK	1448932	0	1	20053	1	0	20000	other	0
SB3_027	87	Response	2	1453492	4560	0	NA	NA	NA	NA	NA	NA
SB3_027	88	Picture	fix1	1469151	0	1	10026	1	0	10000	other	0
SB3_027	89	Picture	NMBM	1479345	0	1	20052	1	0	20000	other	0
SB3_027	89	Response	1	1484948	5603	0	NA	NA	NA	NA	NA	NA
SB3_027	90	Picture	fix1	1499564	0	1	10026	1	0	10000	other	0
SB3_027	91	Picture	NMK	1509757	0	1	20053	1	0	20000	other	0
SB3_027	91	Response	1	1517701	7943	0	NA	NA	NA	NA	NA	NA
SB3_027	92	Picture	fix1	1529977	0	1	10026	1	0	10000	other	0
SB3_027	93	Picture	NWBM	1540170	0	1	20053	1	0	20000	other	0
SB3_027	93	Response	2	1551447	11276	0	NA	NA	NA	NA	NA	NA
SB3_027	94	Picture	fix1	1560390	0	1	10026	1	0	10000	other	0
SB3_027	95	Picture	NWK	1570583	0	1	20053	1	0	20000	other	0
SB3_027	95	Response	2	1576335	5751	0	NA	NA	NA	NA	NA	NA
SB3_027	96	Picture	fix1	1590803	0	1	10026	1	0	10000	other	0
SB3_027	97	Picture	NMBK	1600996	0	1	20052	1	0	20000	other	0
SB3_027	97	Response	1	1608789	7793	0	NA	NA	NA	NA	NA	NA
SB3_027	98	Picture	fix1	1621216	0	1	10026	1	0	10000	other	0
SB3_027	99	Picture	NWM	1631409	0	1	20052	1	0	20000	other	0
SB3_027	99	Response	2	1636863	5454	0	NA	NA	NA	NA	NA	NA
SB3_027	100	Picture	fix1	1651629	0	1	10026	1	0	10000	other	0
SB3_027	101	Picture	NMM	1661822	0	1	20053	1	0	20000	other	0
SB3_027	101	Response	1	1667923	6101	0	NA	NA	NA	NA	NA	NA
SB3_027	102	Picture	fix1	1682042	0	1	10026	1	0	10000	other	0
SB3_027	103	Picture	NWBK	1692235	0	1	20053	1	0	20000	other	0
SB3_027	103	Response	2	1697589	5354	0	NA	NA	NA	NA	NA	NA
SB3_027	104	Picture	fix1	1712454	0	1	10026	1	0	10000	other	0
SB3_027	105	Picture	NMBM	1722648	0	1	20053	1	0	20000	other	0
SB3_027	105	Response	1	1727555	4907	0	NA	NA	NA	NA	NA	NA
SB3_027	106	Picture	fix1	1742867	0	1	10026	1	0	10000	other	0
SB3_027	107	Picture	NMK	1753061	0	1	20053	1	0	20000	other	0
SB3_027	107	Response	1	1759212	6152	0	NA	NA	NA	NA	NA	NA
SB3_027	108	Picture	fix1	1773280	0	1	10026	1	0	10000	other	0
SB3_027	109	Picture	NWBM	1783474	0	1	20053	1	0	20000	other	0
SB3_027	109	Response	1	1790174	6701	0	NA	NA	NA	NA	NA	NA
SB3_027	109	Response	2	1794356	10883	0	NA	NA	NA	NA	NA	NA
SB3_027	110	Picture	fix1	1803693	0	1	10026	1	0	10000	other	0
SB3_027	111	Picture	NWK	1813887	0	1	20053	1	0	20000	other	0
SB3_027	111	Response	2	1821138	7252	0	NA	NA	NA	NA	NA	NA
SB3_027	112	Picture	fix1	1834106	0	1	10026	1	0	10000	other	0
SB3_027	113	Picture	NMBK	1844299	0	1	20053	1	0	20000	other	0
SB3_027	113	Response	1	1851903	7603	0	NA	NA	NA	NA	NA	NA
SB3_027	114	Picture	fix1	1864519	0	1	10026	1	0	10000	other	0
SB3_027	115	Picture	NWM	1874712	0	1	20052	1	0	20000	other	0
SB3_027	115	Response	2	1888342	13629	0	NA	NA	NA	NA	NA	NA
SB3_027	116	Picture	fix1	1894932	0	1	10026	1	0	10000	other	0
SB3_027	117	Picture	NMM	1905125	0	1	20052	1	0	20000	other	0
SB3_027	117	Response	1	1910147	5021	0	NA	NA	NA	NA	NA	NA
SB3_027	118	Picture	fix1	1925345	0	1	10026	1	0	10000	other	0
SB3_027	119	Picture	NWBK	1935538	0	1	20053	1	0	20000	other	0
SB3_027	119	Response	2	1942701	7163	0	NA	NA	NA	NA	NA	NA
SB3_027	120	Picture	fix1	1955758	0	1	10026	1	0	10000	other	0
SB3_027	121	Picture	NMBM	1965951	0	1	20052	1	0	20000	other	0
SB3_027	121	Response	1	1974262	8311	0	NA	NA	NA	NA	NA	NA
SB3_027	122	Picture	fix1	1986171	0	1	10026	1	0	10000	other	0
SB3_027	123	Picture	NMK	1996364	0	1	20053	1	0	20000	other	0
SB3_027	123	Response	1	2000548	4184	0	NA	NA	NA	NA	NA	NA
SB3_027	124	Picture	fix1	2016584	0	1	10026	1	0	10000	other	0
SB3_027	125	Picture	NWBM	2026777	0	1	20052	1	0	20000	other	0
SB3_027	125	Response	2	2042164	15387	0	NA	NA	NA	NA	NA	NA
SB3_027	126	Picture	fix1	2046996	0	1	10026	1	0	10000	other	0
SB3_027	127	Picture	NWK	2057190	0	1	20052	1	0	20000	other	0
SB3_027	127	Response	2	2061779	4589	0	NA	NA	NA	NA	NA	NA
SB3_027	128	Picture	fix1	2077409	0	1	10026	1	0	10000	other	0
SB3_027	129	Picture	NMBK	2087603	0	1	20052	1	0	20000	other	0
SB3_027	129	Response	1	2094736	7133	0	NA	NA	NA	NA	NA	NA
SB3_027	130	Picture	fix1	2107822	0	1	10026	1	0	10000	other	0
SB3_027	131	Picture	NWM	2118016	0	1	20052	1	0	20000	other	0
SB3_027	131	Response	1	2128787	10771	0	NA	NA	NA	NA	NA	NA
SB3_027	132	Picture	fix1	2138235	0	1	10193	1	0	10000	other	0
SB3_027	133	Picture	NMM	2148596	0	1	20052	1	0	20000	other	0
SB3_027	133	Response	1	2155570	6975	0	NA	NA	NA	NA	NA	NA
SB3_027	134	Picture	fix1	2168815	0	1	10026	1	0	10000	other	0
SB3_027	135	Picture	NWBK	2179009	0	1	20052	1	0	20000	other	0
SB3_027	135	Response	2	2185041	6033	0	NA	NA	NA	NA	NA	NA
SB3_027	136	Picture	fix1	2199228	0	1	10026	1	0	10000	other	0
SB3_027	137	Picture	NMBM	2209422	0	1	20052	1	0	20000	other	0
SB3_027	137	Response	1	2214712	5291	0	NA	NA	NA	NA	NA	NA
SB3_027	138	Picture	fix1	2229641	0	1	10026	1	0	10000	other	0
SB3_027	139	Picture	NMK	2239834	0	1	20053	1	0	20000	other	0
SB3_027	139	Response	1	2245377	5543	0	NA	NA	NA	NA	NA	NA
SB3_027	140	Picture	fix1	2260054	0	1	10026	1	0	10000	other	0
SB3_027	141	Picture	NWBM	2270247	0	1	20052	1	0	20000	other	0
SB3_027	141	Response	2	2275843	5595	0	NA	NA	NA	NA	NA	NA
SB3_027	142	Picture	fix1	2290467	0	1	10026	1	0	10000	other	0
SB3_027	143	Picture	NWK	2300660	0	1	20053	1	0	20000	other	0
SB3_027	143	Response	2	2307605	6945	0	NA	NA	NA	NA	NA	NA
SB3_027	144	Picture	fix1	2320880	0	1	10026	1	0	10000	other	0
SB3_027	145	Picture	NMBK	2331073	0	1	20052	1	0	20000	other	0
SB3_027	145	Response	1	2335684	4611	0	NA	NA	NA	NA	NA	NA
SB3_027	146	Picture	fix1	2351293	0	1	10026	1	0	10000	other	0
SB3_027	147	Picture	NWM	2361486	0	1	20052	1	0	20000	other	0
SB3_027	147	Response	2	2366952	5465	0	NA	NA	NA	NA	NA	NA
SB3_027	148	Picture	fix1	2381706	0	1	10026	1	0	10000	other	0
SB3_027	149	Picture	NMM	2391899	0	1	20052	1	0	20000	other	0
SB3_027	149	Response	1	2398414	6515	0	NA	NA	NA	NA	NA	NA
SB3_027	150	Picture	fix1	2412119	0	1	10026	1	0	10000	other	0
SB3_027	151	Picture	NWBK	2422312	0	1	20053	1	0	20000	other	0
SB3_027	151	Response	2	2429581	7269	0	NA	NA	NA	NA	NA	NA
SB3_027	152	Picture	fix1	2442531	0	1	10026	1	0	10000	other	0
SB3_027	153	Picture	NMBM	2452725	0	1	20052	1	0	20000	other	0
SB3_027	153	Response	1	2459653	6928	0	NA	NA	NA	NA	NA	NA
SB3_027	154	Picture	fix1	2472944	0	1	10026	1	0	10000	other	0
SB3_027	155	Picture	NMK	2483120	0	19	20071	19	0	20000	other	0
SB3_027	155	Response	1	2490521	7401	0	NA	NA	NA	NA	NA	NA
SB3_027	156	Picture	fix1	2503357	0	1	10026	1	0	10000	other	0
SB3_027	157	Picture	NWBM	2513551	0	1	20052	1	0	20000	other	0
SB3_027	157	Response	1	2528558	15007	0	NA	NA	NA	NA	NA	NA
SB3_027	157	Response	2	2530651	17100	0	NA	NA	NA	NA	NA	NA
SB3_027	158	Picture	fix1	2533770	0	1	10026	1	0	10000	other	0
SB3_027	159	Picture	NWK	2543964	0	1	20052	1	0	20000	other	0
SB3_027	159	Response	2	2552358	8394	0	NA	NA	NA	NA	NA	NA
SB3_027	160	Picture	fix1	2564183	0	1	10026	1	0	10000	other	0
SB3_027	161	Picture	NMBK	2574377	0	1	20052	1	0	20000	other	0
SB3_027	161	Response	1	2583524	9147	0	NA	NA	NA	NA	NA	NA
SB3_027	162	Picture	fix1	2594596	0	1	10026	1	0	10000	other	0
SB3_027	163	Picture	NWM	2604789	0	1	20052	1	0	20000	other	0
SB3_027	163	Response	2	2616283	11494	0	NA	NA	NA	NA	NA	NA
SB3_027	164	Picture	fix1	2625009	0	1	10026	1	0	10000	other	0
SB3_027	165	Picture	NMM	2635369	0	1	20053	1	0	20000	other	0
SB3_027	165	Response	1	2642969	7600	0	NA	NA	NA	NA	NA	NA
SB3_027	166	Picture	fix1	2655589	0	1	10026	1	0	10000	other	0
SB3_027	167	Picture	NWBK	2665949	0	1	20052	1	0	20000	other	0
SB3_027	167	Response	2	2672544	6595	0	NA	NA	NA	NA	NA	NA
SB3_027	168	Picture	fix1	2686169	0	1	10026	1	0	10000	other	0
SB3_027	169	Picture	NMBM	2696362	0	1	20052	1	0	20000	other	0
SB3_027	169	Response	1	2703415	7052	0	NA	NA	NA	NA	NA	NA
SB3_027	170	Picture	fix1	2716582	0	1	10026	1	0	10000	other	0
SB3_027	171	Picture	NMK	2726775	0	1	20052	1	0	20000	other	0
SB3_027	171	Response	1	2731697	4922	0	NA	NA	NA	NA	NA	NA
SB3_027	172	Picture	fix1	2746995	0	1	10026	1	0	10000	other	0
SB3_027	173	Picture	NWBM	2757188	0	1	20052	1	0	20000	other	0
SB3_027	173	Response	2	2763763	6575	0	NA	NA	NA	NA	NA	NA
SB3_027	174	Picture	fix1	2777408	0	1	10026	1	0	10000	other	0
SB3_027	175	Picture	NWK	2787601	0	1	20052	1	0	20000	other	0
SB3_027	175	Response	2	2793239	5638	0	NA	NA	NA	NA	NA	NA
SB3_027	176	Picture	fix1	2807821	0	1	10026	1	0	10000	other	0
SB3_027	177	Picture	ripf	2818014	0	1	50131	1	0	50000	other	0
SB3_027	178	Picture	ricorda	2868312	0	1	50131	1	0	50000	other	0
SB3_027	179	Picture	avv	2918611	0	1	50131	1	0	50000	other	0
SB3_027	180	Picture	cinque	2968909	0	1	10026	1	0	10000	other	0
SB3_027	181	Picture	quattro	2979102	0	1	10026	1	0	10000	other	0
SB3_027	182	Picture	tre	2989296	0	1	10026	1	0	10000	other	0
SB3_027	183	Picture	due	2999489	0	1	10026	1	0	10000	other	0
SB3_027	184	Picture	uno	3009682	0	1	10026	1	0	10000	other	0
SB3_027	185	Picture	zero	3019876	0	1	10026	1	0	10000	other	0
SB3_027	186	Picture	pulo	3030069	0	1	167	1	0	10	other	0
SB3_027	187	Picture	HWG	3030403	0	1	20052	1	0	20000	other	0
SB3_027	187	Response	1	3034655	4252	0	NA	NA	NA	NA	NA	NA
SB3_027	188	Picture	fix1	3050623	0	1	10026	1	0	10000	other	0
SB3_027	189	Picture	HMR	3060816	0	1	20052	1	0	20000	other	0
SB3_027	189	Response	1	3065730	4914	0	NA	NA	NA	NA	NA	NA
SB3_027	190	Picture	fix1	3081036	0	1	10026	1	0	10000	other	0
SB3_027	191	Picture	FWG	3091229	0	1	20053	1	0	20000	other	0
SB3_027	191	Response	2	3095612	4383	0	NA	NA	NA	NA	NA	NA
SB3_027	192	Picture	fix1	3111448	0	1	10026	1	0	10000	other	0
SB3_027	193	Picture	FMR	3121809	0	1	20052	1	0	20000	other	0
SB3_027	193	Response	2	3128782	6973	0	NA	NA	NA	NA	NA	NA
SB3_027	194	Picture	fix1	3142029	0	1	10026	1	0	10000	other	0
SB3_027	195	Picture	HWR	3152389	0	1	20052	1	0	20000	other	0
SB3_027	195	Response	1	3159661	7272	0	NA	NA	NA	NA	NA	NA
SB3_027	196	Picture	fix1	3172609	0	1	10026	1	0	10000	other	0
SB3_027	197	Picture	FMG	3182969	0	1	20052	1	0	20000	other	0
SB3_027	197	Response	2	3192135	9166	0	NA	NA	NA	NA	NA	NA
SB3_027	198	Picture	fix1	3203189	0	1	10026	1	0	10000	other	0
SB3_027	199	Picture	FWR	3213549	0	1	20052	1	0	20000	other	0
SB3_027	199	Response	2	3218632	5083	0	NA	NA	NA	NA	NA	NA
SB3_027	200	Picture	fix1	3233769	0	1	10026	1	0	10000	other	0
SB3_027	201	Picture	HMG	3244129	0	1	20052	1	0	20000	other	0
SB3_027	201	Response	1	3252500	8371	0	NA	NA	NA	NA	NA	NA
SB3_027	202	Picture	fix1	3264349	0	1	10026	1	0	10000	other	0
SB3_027	203	Picture	HWG	3274542	0	1	20052	1	0	20000	other	0
SB3_027	203	Response	1	3279992	5450	0	NA	NA	NA	NA	NA	NA
SB3_027	204	Picture	fix1	3294762	0	1	10026	1	0	10000	other	0
SB3_027	205	Picture	HMR	3304955	0	1	20053	1	0	20000	other	0
SB3_027	205	Response	1	3312366	7411	0	NA	NA	NA	NA	NA	NA
SB3_027	206	Picture	fix1	3325174	0	1	10026	1	0	10000	other	0
SB3_027	207	Picture	FWG	3335368	0	1	20053	1	0	20000	other	0
SB3_027	207	Response	2	3343745	8377	0	NA	NA	NA	NA	NA	NA
SB3_027	208	Picture	fix1	3355587	0	1	10026	1	0	10000	other	0
SB3_027	209	Picture	FMR	3365781	0	1	20052	1	0	20000	other	0
SB3_027	209	Response	2	3372137	6356	0	NA	NA	NA	NA	NA	NA
SB3_027	210	Picture	fix1	3386000	0	1	10026	1	0	10000	other	0
SB3_027	211	Picture	HWR	3396194	0	1	20052	1	0	20000	other	0
SB3_027	211	Response	1	3404215	8021	0	NA	NA	NA	NA	NA	NA
SB3_027	212	Picture	fix1	3416413	0	1	10026	1	0	10000	other	0
SB3_027	213	Picture	FMG	3426606	0	1	20053	1	0	20000	other	0
SB3_027	213	Response	2	3433404	6798	0	NA	NA	NA	NA	NA	NA
SB3_027	214	Picture	fix1	3446826	0	1	10026	1	0	10000	other	0
SB3_027	215	Picture	FWR	3457019	0	1	20052	1	0	20000	other	0
SB3_027	215	Response	2	3467376	10356	0	NA	NA	NA	NA	NA	NA
SB3_027	216	Picture	fix1	3477239	0	1	10026	1	0	10000	other	0
SB3_027	217	Picture	HMG	3487432	0	1	20052	1	0	20000	other	0
SB3_027	217	Response	1	3492879	5446	0	NA	NA	NA	NA	NA	NA
SB3_027	218	Picture	fix1	3507652	0	1	10026	1	0	10000	other	0
SB3_027	219	Picture	HWG	3517845	0	1	20053	1	0	20000	other	0
SB3_027	219	Response	1	3524062	6217	0	NA	NA	NA	NA	NA	NA
SB3_027	220	Picture	fix1	3538065	0	1	10026	1	0	10000	other	0
SB3_027	221	Picture	HMR	3548258	0	1	20052	1	0	20000	other	0
SB3_027	221	Response	1	3554749	6490	0	NA	NA	NA	NA	NA	NA
SB3_027	222	Picture	fix1	3568478	0	1	10026	1	0	10000	other	0
SB3_027	223	Picture	FWG	3578671	0	1	20052	1	0	20000	other	0
SB3_027	223	Response	2	3589221	10549	0	NA	NA	NA	NA	NA	NA
SB3_027	224	Picture	fix1	3598891	0	1	10026	1	0	10000	other	0
SB3_027	225	Picture	FMR	3609084	0	1	20052	1	0	20000	other	0
SB3_027	225	Response	2	3624290	15206	0	NA	NA	NA	NA	NA	NA
SB3_027	226	Picture	fix1	3629304	0	1	10026	1	0	10000	other	0
SB3_027	227	Picture	HWR	3639497	0	1	20053	1	0	20000	other	0
SB3_027	227	Response	1	3645512	6015	0	NA	NA	NA	NA	NA	NA
SB3_027	228	Picture	fix1	3659717	0	1	10026	1	0	10000	other	0
SB3_027	229	Picture	FMG	3669910	0	1	20053	1	0	20000	other	0
SB3_027	229	Response	2	3676199	6289	0	NA	NA	NA	NA	NA	NA
SB3_027	230	Picture	fix1	3690130	0	1	10026	1	0	10000	other	0
SB3_027	231	Picture	FWR	3700323	0	1	20052	1	0	20000	other	0
SB3_027	231	Response	2	3707484	7161	0	NA	NA	NA	NA	NA	NA
SB3_027	232	Picture	fix1	3720542	0	1	10026	1	0	10000	other	0
SB3_027	233	Picture	HMG	3730736	0	1	20052	1	0	20000	other	0
SB3_027	233	Response	1	3735977	5241	0	NA	NA	NA	NA	NA	NA
SB3_027	234	Picture	fix1	3750955	0	1	10026	1	0	10000	other	0
SB3_027	235	Picture	HWG	3761149	0	1	20052	1	0	20000	other	0
SB3_027	235	Response	1	3766266	5117	0	NA	NA	NA	NA	NA	NA
SB3_027	236	Picture	fix1	3781368	0	1	10026	1	0	10000	other	0
SB3_027	237	Picture	HMR	3791562	0	1	20053	1	0	20000	other	0
SB3_027	237	Response	1	3802931	11369	0	NA	NA	NA	NA	NA	NA
SB3_027	238	Picture	fix1	3811781	0	1	10026	1	0	10000	other	0
SB3_027	239	Picture	FWG	3821974	0	1	20052	1	0	20000	other	0
SB3_027	239	Response	2	3829334	7360	0	NA	NA	NA	NA	NA	NA
SB3_027	240	Picture	fix1	3842194	0	1	10026	1	0	10000	other	0
SB3_027	241	Picture	FMR	3852387	0	1	20052	1	0	20000	other	0
SB3_027	241	Response	2	3858828	6441	0	NA	NA	NA	NA	NA	NA
SB3_027	242	Picture	fix1	3872607	0	1	10026	1	0	10000	other	0
SB3_027	243	Picture	HWR	3882800	0	1	20052	1	0	20000	other	0
SB3_027	243	Response	1	3887126	4326	0	NA	NA	NA	NA	NA	NA
SB3_027	244	Picture	fix1	3903020	0	1	10026	1	0	10000	other	0
SB3_027	245	Picture	FMG	3913213	0	1	20053	1	0	20000	other	0
SB3_027	245	Response	2	3918809	5596	0	NA	NA	NA	NA	NA	NA
SB3_027	246	Picture	fix1	3933433	0	1	10026	1	0	10000	other	0
SB3_027	247	Picture	FWR	3943626	0	1	20052	1	0	20000	other	0
SB3_027	247	Response	2	3950492	6865	0	NA	NA	NA	NA	NA	NA
SB3_027	248	Picture	fix1	3963846	0	1	10026	1	0	10000	other	0
SB3_027	249	Picture	HMG	3974039	0	1	20053	1	0	20000	other	0
SB3_027	249	Response	1	3981977	7938	0	NA	NA	NA	NA	NA	NA
SB3_027	250	Picture	fix1	3994259	0	1	10026	1	0	10000	other	0
SB3_027	251	Picture	HWG	4004452	0	1	20052	1	0	20000	other	0
SB3_027	251	Response	1	4009233	4781	0	NA	NA	NA	NA	NA	NA
SB3_027	252	Picture	fix1	4024672	0	1	10026	1	0	10000	other	0
SB3_027	253	Picture	HMR	4035032	0	1	20053	1	0	20000	other	0
SB3_027	253	Response	1	4040171	5139	0	NA	NA	NA	NA	NA	NA
SB3_027	254	Picture	fix1	4055252	0	1	10026	1	0	10000	other	0
SB3_027	255	Picture	FWG	4065445	0	1	20052	1	0	20000	other	0
SB3_027	255	Response	2	4070465	5021	0	NA	NA	NA	NA	NA	NA
SB3_027	256	Picture	fix1	4085665	0	1	10026	1	0	10000	other	0
SB3_027	257	Picture	FMR	4095858	0	1	20052	1	0	20000	other	0
SB3_027	257	Response	2	4103350	7492	0	NA	NA	NA	NA	NA	NA
SB3_027	258	Picture	fix1	4116078	0	1	10026	1	0	10000	other	0
SB3_027	259	Picture	HWR	4126271	0	1	20052	1	0	20000	other	0
SB3_027	259	Response	1	4131453	5182	0	NA	NA	NA	NA	NA	NA
SB3_027	260	Picture	fix1	4146490	0	1	10026	1	0	10000	other	0
SB3_027	261	Picture	FMG	4156851	0	1	20052	1	0	20000	other	0
SB3_027	261	Response	1	4166331	9480	0	NA	NA	NA	NA	NA	NA
SB3_027	261	Response	2	4168325	11474	0	NA	NA	NA	NA	NA	NA
SB3_027	262	Picture	fix1	4177070	0	1	10026	1	0	10000	other	0
SB3_027	263	Picture	FWR	4187264	0	1	20052	1	0	20000	other	0
SB3_027	263	Response	2	4193140	5876	0	NA	NA	NA	NA	NA	NA
SB3_027	264	Picture	fix1	4207483	0	1	10026	1	0	10000	other	0
SB3_027	265	Picture	HMG	4217677	0	1	20052	1	0	20000	other	0
SB3_027	265	Response	1	4223135	5459	0	NA	NA	NA	NA	NA	NA
SB3_027	266	Picture	fix1	4237896	0	1	10026	1	0	10000	other	0
SB3_027	267	Picture	HWG	4248090	0	1	20053	1	0	20000	other	0
SB3_027	267	Response	1	4253529	5440	0	NA	NA	NA	NA	NA	NA
SB3_027	268	Picture	fix1	4268309	0	1	10026	1	0	10000	other	0
SB3_027	269	Picture	HMR	4278670	0	1	20052	1	0	20000	other	0
SB3_027	269	Response	2	4287811	9141	0	NA	NA	NA	NA	NA	NA
SB3_027	270	Picture	fix1	4298889	0	1	10026	1	0	10000	other	0
SB3_027	271	Picture	FWG	4309082	0	1	20052	1	0	20000	other	0
SB3_027	271	Response	2	4323686	14604	0	NA	NA	NA	NA	NA	NA
SB3_027	272	Picture	fix1	4329302	0	1	10026	1	0	10000	other	0
SB3_027	273	Picture	FMR	4339495	0	1	20053	1	0	20000	other	0
SB3_027	273	Response	2	4347205	7709	0	NA	NA	NA	NA	NA	NA
SB3_027	274	Picture	fix1	4359715	0	1	10026	1	0	10000	other	0
SB3_027	275	Picture	HWR	4370075	0	1	20053	1	0	20000	other	0
SB3_027	275	Response	1	4376403	6327	0	NA	NA	NA	NA	NA	NA
SB3_027	276	Picture	fix1	4390295	0	1	10026	1	0	10000	other	0
SB3_027	277	Picture	FMG	4400656	0	1	20052	1	0	20000	other	0
SB3_027	277	Response	2	4407496	6841	0	NA	NA	NA	NA	NA	NA
SB3_027	278	Picture	fix1	4420875	0	1	10026	1	0	10000	other	0
SB3_027	279	Picture	FWR	4431236	0	1	20052	1	0	20000	other	0
SB3_027	279	Response	2	4439587	8351	0	NA	NA	NA	NA	NA	NA
SB3_027	280	Picture	fix1	4451455	0	1	10026	1	0	10000	other	0
SB3_027	281	Picture	HMG	4461648	0	1	20053	1	0	20000	other	0
SB3_027	281	Response	1	4466496	4847	0	NA	NA	NA	NA	NA	NA
SB3_027	282	Picture	fix1	4481868	0	1	10026	1	0	10000	other	0
SB3_027	283	Picture	HWG	4492228	0	1	20052	1	0	20000	other	0
SB3_027	283	Response	1	4497891	5662	0	NA	NA	NA	NA	NA	NA
SB3_027	284	Picture	fix1	4512448	0	1	10026	1	0	10000	other	0
SB3_027	285	Picture	HMR	4522809	0	1	20052	1	0	20000	other	0
SB3_027	285	Response	1	4533771	10962	0	NA	NA	NA	NA	NA	NA
SB3_027	286	Picture	fix1	4543028	0	1	10026	1	0	10000	other	0
SB3_027	287	Picture	FWG	4553221	0	1	20053	1	0	20000	other	0
SB3_027	287	Response	2	4561779	8557	0	NA	NA	NA	NA	NA	NA
SB3_027	288	Picture	fix1	4573441	0	1	10026	1	0	10000	other	0
SB3_027	289	Picture	FMR	4583801	0	1	20052	1	0	20000	other	0
SB3_027	289	Response	2	4592677	8876	0	NA	NA	NA	NA	NA	NA
SB3_027	290	Picture	fix1	4604021	0	1	10026	1	0	10000	other	0
SB3_027	291	Picture	HWR	4614381	0	1	20053	1	0	20000	other	0
SB3_027	291	Response	1	4621981	7600	0	NA	NA	NA	NA	NA	NA
SB3_027	292	Picture	fix1	4634601	0	1	10026	1	0	10000	other	0
SB3_027	293	Picture	FMG	4644961	0	1	20052	1	0	20000	other	0
SB3_027	293	Response	2	4655273	10312	0	NA	NA	NA	NA	NA	NA
SB3_027	294	Picture	fix1	4665181	0	1	10026	1	0	10000	other	0
SB3_027	295	Picture	FWR	4675542	0	1	20053	1	0	20000	other	0
SB3_027	295	Response	2	4685773	10231	0	NA	NA	NA	NA	NA	NA
SB3_027	296	Picture	fix1	4695761	0	1	10026	1	0	10000	other	0
SB3_027	297	Picture	HMG	4706121	0	1	20053	1	0	20000	other	0
SB3_027	297	Response	1	4710891	4769	0	NA	NA	NA	NA	NA	NA
SB3_027	298	Picture	fix1	4726341	0	1	10026	1	0	10000	other	0
SB3_027	299	Picture	HWG	4736702	0	1	20053	1	0	20000	other	0
SB3_027	299	Response	1	4742589	5887	0	NA	NA	NA	NA	NA	NA
SB3_027	300	Picture	fix1	4756921	0	1	10026	1	0	10000	other	0
SB3_027	301	Picture	HMR	4767282	0	1	20053	1	0	20000	other	0
SB3_027	301	Response	1	4775083	7801	0	NA	NA	NA	NA	NA	NA
SB3_027	302	Picture	fix1	4787501	0	1	10026	1	0	10000	other	0
SB3_027	303	Picture	FWG	4797862	0	1	20053	1	0	20000	other	0
SB3_027	303	Response	2	4803490	5629	0	NA	NA	NA	NA	NA	NA
SB3_027	304	Picture	fix1	4818081	0	1	10026	1	0	10000	other	0
SB3_027	305	Picture	FMR	4828442	0	1	20053	1	0	20000	other	0
SB3_027	305	Response	2	4834888	6446	0	NA	NA	NA	NA	NA	NA
SB3_027	306	Picture	fix1	4848661	0	1	10026	1	0	10000	other	0
SB3_027	307	Picture	HWR	4859022	0	1	20052	1	0	20000	other	0
SB3_027	307	Response	1	4868078	9056	0	NA	NA	NA	NA	NA	NA
SB3_027	308	Picture	fix1	4879241	0	1	10026	1	0	10000	other	0
SB3_027	309	Picture	FMG	4889602	0	1	20052	1	0	20000	other	0
SB3_027	309	Response	2	4897681	8080	0	NA	NA	NA	NA	NA	NA
SB3_027	310	Picture	fix1	4909821	0	1	10026	1	0	10000	other	0
SB3_027	311	Picture	FWR	4920182	0	1	20053	1	0	20000	other	0
SB3_027	311	Response	2	4925591	5409	0	NA	NA	NA	NA	NA	NA
SB3_027	312	Picture	fix1	4940401	0	1	10026	1	0	10000	other	0
SB3_027	313	Picture	HMG	4950762	0	1	20052	1	0	20000	other	0
SB3_027	313	Response	1	4956593	5831	0	NA	NA	NA	NA	NA	NA
SB3_027	314	Picture	fix1	4970981	0	1	10026	1	0	10000	other	0
SB3_027	315	Picture	HWG	4981342	0	1	20053	1	0	20000	other	0
SB3_027	315	Response	1	4988691	7350	0	NA	NA	NA	NA	NA	NA
SB3_027	316	Picture	fix1	5001561	0	1	10026	1	0	10000	other	0
SB3_027	317	Picture	HMR	5011922	0	1	20053	1	0	20000	other	0
SB3_027	317	Response	2	5021486	9564	0	NA	NA	NA	NA	NA	NA
SB3_027	317	Response	1	5025078	13156	0	NA	NA	NA	NA	NA	NA
SB3_027	318	Picture	fix1	5032141	0	1	10026	1	0	10000	other	0
SB3_027	319	Picture	FWG	5042502	0	1	20053	1	0	20000	other	0
SB3_027	319	Response	2	5052490	9988	0	NA	NA	NA	NA	NA	NA
SB3_027	320	Picture	fix1	5062721	0	1	10026	1	0	10000	other	0
SB3_027	321	Picture	FMR	5073082	0	1	20052	1	0	20000	other	0
SB3_027	321	Response	2	5079705	6624	0	NA	NA	NA	NA	NA	NA
SB3_027	322	Picture	fix1	5093301	0	1	10026	1	0	10000	other	0
SB3_027	323	Picture	ripn	5103495	0	1	50131	1	0	50000	other	0
SB3_027	324	Picture	ricordaneutral	5153793	0	1	50131	1	0	50000	other	0
SB3_027	325	Picture	avvneutral	5204091	0	1	50131	1	0	50000	other	0
SB3_027	326	Picture	cinque	5254390	0	1	10026	1	0	10000	other	0
SB3_027	327	Picture	quattro	5264583	0	1	10026	1	0	10000	other	0
SB3_027	328	Picture	tre	5274776	0	1	10026	1	0	10000	other	0
SB3_027	329	Picture	due	5284970	0	1	10026	1	0	10000	other	0
SB3_027	330	Picture	uno	5295163	0	1	10026	1	0	10000	other	0
SB3_027	331	Picture	zero	5305356	0	1	10026	1	0	10000	other	0
SB3_027	332	Picture	pazzo	5315550	0	1	167	1	0	10	other	0
SB3_027	333	Picture	NMK	5317054	0	1	20053	1	0	20000	other	0
SB3_027	333	Response	1	5325631	8578	0	NA	NA	NA	NA	NA	NA
SB3_027	334	Picture	fix1	5337273	0	1	10026	1	0	10000	other	0
SB3_027	335	Picture	NMBM	5348469	0	1	20052	1	0	20000	other	0
SB3_027	335	Response	1	5352147	3678	0	NA	NA	NA	NA	NA	NA
SB3_027	336	Picture	fix1	5368689	0	1	10026	1	0	10000	other	0
SB3_027	337	Picture	NWK	5380052	0	1	20052	1	0	20000	other	0
SB3_027	337	Response	2	5386837	6785	0	NA	NA	NA	NA	NA	NA
SB3_027	338	Picture	fix1	5400271	0	1	10026	1	0	10000	other	0
SB3_027	339	Picture	NWBM	5411802	0	1	20052	1	0	20000	other	0
SB3_027	339	Response	2	5416348	4546	0	NA	NA	NA	NA	NA	NA
SB3_027	340	Picture	fix1	5432021	0	1	10026	1	0	10000	other	0
SB3_027	341	Picture	NMM	5443384	0	1	20052	1	0	20000	other	0
SB3_027	341	Response	1	5452639	9254	0	NA	NA	NA	NA	NA	NA
SB3_027	342	Picture	fix1	5463604	0	1	10026	1	0	10000	other	0
SB3_027	343	Picture	NWBK	5474800	0	1	20052	1	0	20000	other	0
SB3_027	343	Response	2	5483745	8945	0	NA	NA	NA	NA	NA	NA
SB3_027	344	Picture	fix1	5495019	0	1	10026	1	0	10000	other	0
SB3_027	345	Picture	NMBK	5506215	0	1	20053	1	0	20000	other	0
SB3_027	345	Response	1	5513355	7140	0	NA	NA	NA	NA	NA	NA
SB3_027	346	Picture	fix1	5526435	0	1	10026	1	0	10000	other	0
SB3_027	347	Picture	NWM	5537798	0	1	20052	1	0	20000	other	0
SB3_027	347	Response	2	5543965	6167	0	NA	NA	NA	NA	NA	NA
SB3_027	348	Picture	fix1	5558017	0	1	10026	1	0	10000	other	0
SB3_027	349	Picture	NMK	5568211	0	1	20053	1	0	20000	other	0
SB3_027	349	Response	1	5575073	6862	0	NA	NA	NA	NA	NA	NA
SB3_027	350	Picture	fix1	5588430	0	1	10026	1	0	10000	other	0
SB3_027	351	Picture	NMBM	5598958	0	1	20052	1	0	20000	other	0
SB3_027	351	Response	1	5608175	9217	0	NA	NA	NA	NA	NA	NA
SB3_027	352	Picture	fix1	5619178	0	1	10026	1	0	10000	other	0
SB3_027	353	Picture	NWK	5629371	0	1	20052	1	0	20000	other	0
SB3_027	353	Response	2	5634797	5426	0	NA	NA	NA	NA	NA	NA
SB3_027	354	Picture	fix1	5649591	0	1	10026	1	0	10000	other	0
SB3_027	355	Picture	NWBM	5660452	0	1	20052	1	0	20000	other	0
SB3_027	355	Response	2	5665408	4955	0	NA	NA	NA	NA	NA	NA
SB3_027	356	Picture	fix1	5680672	0	1	10026	1	0	10000	other	0
SB3_027	357	Picture	NMM	5691366	0	1	20052	1	0	20000	other	0
SB3_027	357	Response	1	5697113	5747	0	NA	NA	NA	NA	NA	NA
SB3_027	358	Picture	fix1	5711586	0	1	10026	1	0	10000	other	0
SB3_027	359	Picture	NWBK	5722281	0	1	20052	1	0	20000	other	0
SB3_027	359	Response	2	5727323	5042	0	NA	NA	NA	NA	NA	NA
SB3_027	360	Picture	fix1	5742500	0	1	10026	1	0	10000	other	0
SB3_027	361	Picture	NMBK	5753195	0	1	20052	1	0	20000	other	0
SB3_027	361	Response	1	5760622	7427	0	NA	NA	NA	NA	NA	NA
SB3_027	362	Picture	fix1	5773415	0	1	10026	1	0	10000	other	0
SB3_027	363	Picture	NWM	5784109	0	1	20053	1	0	20000	other	0
SB3_027	363	Response	2	5794422	10312	0	NA	NA	NA	NA	NA	NA
SB3_027	364	Picture	fix1	5804329	0	1	10026	1	0	10000	other	0
SB3_027	365	Picture	NMK	5815023	0	1	20052	1	0	20000	other	0
SB3_027	365	Response	1	5818550	3526	0	NA	NA	NA	NA	NA	NA
SB3_027	366	Picture	fix1	5835243	0	1	10026	1	0	10000	other	0
SB3_027	367	Picture	NMBM	5845938	0	1	20052	1	0	20000	other	0
SB3_027	367	Response	1	5851557	5619	0	NA	NA	NA	NA	NA	NA
SB3_027	368	Picture	fix1	5866157	0	1	10026	1	0	10000	other	0
SB3_027	369	Picture	NWK	5876852	0	1	20053	1	0	20000	other	0
SB3_027	369	Response	2	5882461	5609	0	NA	NA	NA	NA	NA	NA
SB3_027	370	Picture	fix1	5897072	0	1	10026	1	0	10000	other	0
SB3_027	371	Picture	NWBM	5907933	0	1	20053	1	0	20000	other	0
SB3_027	371	Response	2	5913266	5333	0	NA	NA	NA	NA	NA	NA
SB3_027	372	Picture	fix1	5928153	0	1	10026	1	0	10000	other	0
SB3_027	373	Picture	NMM	5938847	0	1	20053	1	0	20000	other	0
SB3_027	373	Response	1	5947463	8615	0	NA	NA	NA	NA	NA	NA
SB3_027	374	Picture	fix1	5959067	0	1	10026	1	0	10000	other	0
SB3_027	375	Picture	NWBK	5969762	0	1	20053	1	0	20000	other	0
SB3_027	375	Response	1	5983951	14189	0	NA	NA	NA	NA	NA	NA
SB3_027	376	Picture	fix1	5989981	0	1	10026	1	0	10000	other	0
SB3_027	377	Picture	NMBK	6000676	0	1	20053	1	0	20000	other	0
SB3_027	377	Response	1	6009474	8798	0	NA	NA	NA	NA	NA	NA
SB3_027	378	Picture	fix1	6020895	0	1	10026	1	0	10000	other	0
SB3_027	379	Picture	NWM	6031590	0	1	20052	1	0	20000	other	0
SB3_027	379	Response	2	6038386	6796	0	NA	NA	NA	NA	NA	NA
SB3_027	380	Picture	fix1	6051810	0	1	10026	1	0	10000	other	0
SB3_027	381	Picture	NMK	6062504	0	1	20053	1	0	20000	other	0
SB3_027	381	Response	1	6068694	6190	0	NA	NA	NA	NA	NA	NA
SB3_027	382	Picture	fix1	6082724	0	1	10026	1	0	10000	other	0
SB3_027	383	Picture	NMBM	6093419	0	1	20052	1	0	20000	other	0
SB3_027	383	Response	1	6102591	9172	0	NA	NA	NA	NA	NA	NA
SB3_027	384	Picture	fix1	6113638	0	1	10026	1	0	10000	other	0
SB3_027	385	Picture	NWK	6124500	0	1	20053	1	0	20000	other	0
SB3_027	385	Response	2	6129610	5110	0	NA	NA	NA	NA	NA	NA
SB3_027	386	Picture	fix1	6144720	0	1	10026	1	0	10000	other	0
SB3_027	387	Picture	NWBM	6155581	0	1	20052	1	0	20000	other	0
SB3_027	387	Response	2	6159920	4339	0	NA	NA	NA	NA	NA	NA
SB3_027	388	Picture	fix1	6175801	0	1	10026	1	0	10000	other	0
SB3_027	389	Picture	NMM	6186496	0	1	20052	1	0	20000	other	0
SB3_027	389	Response	1	6191625	5129	0	NA	NA	NA	NA	NA	NA
SB3_027	390	Picture	fix1	6206715	0	1	10026	1	0	10000	other	0
SB3_027	391	Picture	NWBK	6217410	0	1	20053	1	0	20000	other	0
SB3_027	391	Response	2	6222186	4776	0	NA	NA	NA	NA	NA	NA
SB3_027	392	Picture	fix1	6237629	0	1	10026	1	0	10000	other	0
SB3_027	393	Picture	NMBK	6248491	0	1	20052	1	0	20000	other	0
SB3_027	393	Response	1	6255435	6944	0	NA	NA	NA	NA	NA	NA
SB3_027	394	Picture	fix1	6268711	0	1	10026	1	0	10000	other	0
SB3_027	395	Picture	NWM	6279572	0	1	20053	1	0	20000	other	0
SB3_027	395	Response	2	6287341	7768	0	NA	NA	NA	NA	NA	NA
SB3_027	396	Picture	fix1	6299792	0	1	10026	1	0	10000	other	0
SB3_027	397	Picture	NMK	6310487	0	1	20053	1	0	20000	other	0
SB3_027	397	Response	1	6315359	4872	0	NA	NA	NA	NA	NA	NA
SB3_027	398	Picture	fix1	6330706	0	1	10026	1	0	10000	other	0
SB3_027	399	Picture	NMBM	6341401	0	1	20053	1	0	20000	other	0
SB3_027	399	Response	1	6345471	4070	0	NA	NA	NA	NA	NA	NA
SB3_027	400	Picture	fix1	6361621	0	1	10026	1	0	10000	other	0
SB3_027	401	Picture	NWK	6372482	0	1	20052	1	0	20000	other	0
SB3_027	401	Response	2	6375981	3499	0	NA	NA	NA	NA	NA	NA
SB3_027	402	Picture	fix1	6392702	0	1	10026	1	0	10000	other	0
SB3_027	403	Picture	NWBM	6403564	0	1	20053	1	0	20000	other	0
SB3_027	403	Response	2	6409777	6213	0	NA	NA	NA	NA	NA	NA
SB3_027	404	Picture	fix1	6423783	0	1	10026	1	0	10000	other	0
SB3_027	405	Picture	NMM	6434478	0	1	20053	1	0	20000	other	0
SB3_027	405	Response	1	6438591	4113	0	NA	NA	NA	NA	NA	NA
SB3_027	406	Picture	fix1	6454697	0	1	10026	1	0	10000	other	0
SB3_027	407	Picture	NWBK	6465392	0	1	20053	1	0	20000	other	0
SB3_027	407	Response	2	6468802	3410	0	NA	NA	NA	NA	NA	NA
SB3_027	408	Picture	fix1	6485612	0	1	10026	1	0	10000	other	0
SB3_027	409	Picture	NMBK	6496473	0	1	20053	1	0	20000	other	0
SB3_027	409	Response	1	6502203	5729	0	NA	NA	NA	NA	NA	NA
SB3_027	410	Picture	fix1	6516693	0	1	10026	1	0	10000	other	0
SB3_027	411	Picture	NWM	6527555	0	1	20052	1	0	20000	other	0
SB3_027	411	Response	2	6531515	3961	0	NA	NA	NA	NA	NA	NA
SB3_027	412	Picture	fix1	6547774	0	1	10026	1	0	10000	other	0
SB3_027	413	Picture	NMK	6558636	0	1	20053	1	0	20000	other	0
SB3_027	413	Response	1	6564615	5979	0	NA	NA	NA	NA	NA	NA
SB3_027	414	Picture	fix1	6578856	0	1	10026	1	0	10000	other	0
SB3_027	415	Picture	NMBM	6589717	0	1	20053	1	0	20000	other	0
SB3_027	415	Response	1	6593928	4211	0	NA	NA	NA	NA	NA	NA
SB3_027	416	Picture	fix1	6609937	0	1	10026	1	0	10000	other	0
SB3_027	417	Picture	NWK	6620799	0	1	20052	1	0	20000	other	0
SB3_027	417	Response	2	6626830	6031	0	NA	NA	NA	NA	NA	NA
SB3_027	418	Picture	fix1	6641018	0	1	10026	1	0	10000	other	0
SB3_027	419	Picture	NWBM	6651880	0	1	20052	1	0	20000	other	0
SB3_027	419	Response	2	6657837	5957	0	NA	NA	NA	NA	NA	NA
SB3_027	420	Picture	fix1	6672100	0	1	10026	1	0	10000	other	0
SB3_027	421	Picture	NMM	6682794	0	1	20053	1	0	20000	other	0
SB3_027	421	Response	1	6687948	5154	0	NA	NA	NA	NA	NA	NA
SB3_027	422	Picture	fix1	6703014	0	1	10026	1	0	10000	other	0
SB3_027	423	Picture	NWBK	6713876	0	1	20052	1	0	20000	other	0
SB3_027	423	Response	2	6718758	4882	0	NA	NA	NA	NA	NA	NA
SB3_027	424	Picture	fix1	6734095	0	1	10026	1	0	10000	other	0
SB3_027	425	Picture	NMBK	6744957	0	1	20053	1	0	20000	other	0
SB3_027	425	Response	1	6750766	5809	0	NA	NA	NA	NA	NA	NA
SB3_027	426	Picture	fix1	6765177	0	1	10026	1	0	10000	other	0
SB3_027	427	Picture	NWM	6776038	0	1	20053	1	0	20000	other	0
SB3_027	427	Response	2	6780580	4542	0	NA	NA	NA	NA	NA	NA
SB3_027	428	Picture	fix1	6796258	0	1	10026	1	0	10000	other	0
SB3_027	429	Picture	NMK	6806953	0	1	20052	1	0	20000	other	0
SB3_027	429	Response	1	6812691	5738	0	NA	NA	NA	NA	NA	NA
SB3_027	430	Picture	fix1	6827172	0	1	10026	1	0	10000	other	0
SB3_027	431	Picture	NMBM	6838034	0	1	20053	1	0	20000	other	0
SB3_027	431	Response	1	6843700	5666	0	NA	NA	NA	NA	NA	NA
SB3_027	432	Picture	fix1	6858254	0	1	10026	1	0	10000	other	0
SB3_027	433	Picture	NWK	6869115	0	1	20053	1	0	20000	other	0
SB3_027	433	Response	2	6873913	4798	0	NA	NA	NA	NA	NA	NA
SB3_027	434	Picture	fix1	6889335	0	1	10026	1	0	10000	other	0
SB3_027	435	Picture	NWBM	6900197	0	1	20052	1	0	20000	other	0
SB3_027	435	Response	2	6906021	5824	0	NA	NA	NA	NA	NA	NA
SB3_027	436	Picture	fix1	6920416	0	1	10026	1	0	10000	other	0
SB3_027	437	Picture	NMM	6931111	0	1	20052	1	0	20000	other	0
SB3_027	437	Response	1	6936434	5323	0	NA	NA	NA	NA	NA	NA
SB3_027	438	Picture	fix1	6951330	0	1	10026	1	0	10000	other	0
SB3_027	439	Picture	NWBK	6962359	0	1	20052	1	0	20000	other	0
SB3_027	439	Response	2	6968246	5886	0	NA	NA	NA	NA	NA	NA
SB3_027	440	Picture	fix1	6982579	0	1	10026	1	0	10000	other	0
SB3_027	441	Picture	NMBK	6993441	0	1	20052	1	0	20000	other	0
SB3_027	441	Response	1	6999357	5917	0	NA	NA	NA	NA	NA	NA
SB3_027	442	Picture	fix1	7013660	0	1	10026	1	0	10000	other	0
SB3_027	443	Picture	NWM	7024689	0	1	20053	1	0	20000	other	0
SB3_027	443	Response	2	7031267	6578	0	NA	NA	NA	NA	NA	NA
SB3_027	444	Picture	fix1	7044909	0	1	10026	1	0	10000	other	0
SB3_027	445	Picture	NMK	7055770	0	1	20053	1	0	20000	other	0
SB3_027	445	Response	1	7060485	4715	0	NA	NA	NA	NA	NA	NA
SB3_027	446	Picture	fix1	7075990	0	1	10026	1	0	10000	other	0
SB3_027	447	Picture	NMBM	7087019	0	1	20052	1	0	20000	other	0
SB3_027	447	Response	1	7092395	5376	0	NA	NA	NA	NA	NA	NA
SB3_027	448	Picture	fix1	7107239	0	1	10026	1	0	10000	other	0
SB3_027	449	Picture	NWK	7118100	0	1	20053	1	0	20000	other	0
SB3_027	449	Response	2	7122611	4511	0	NA	NA	NA	NA	NA	NA
SB3_027	450	Picture	fix1	7138320	0	1	10026	1	0	10000	other	0
SB3_027	451	Picture	NWBM	7149182	0	1	20052	1	0	20000	other	0
SB3_027	451	Response	2	7154822	5640	0	NA	NA	NA	NA	NA	NA
SB3_027	452	Picture	fix1	7169401	0	1	10026	1	0	10000	other	0
SB3_027	453	Picture	NMM	7180263	0	1	20053	1	0	20000	other	0
SB3_027	453	Response	1	7185536	5273	0	NA	NA	NA	NA	NA	NA
SB3_027	454	Picture	fix1	7200483	0	1	10026	1	0	10000	other	0
SB3_027	455	Picture	NWBK	7211344	0	1	20052	1	0	20000	other	0
SB3_027	455	Response	2	7216251	4907	0	NA	NA	NA	NA	NA	NA
SB3_027	456	Picture	fix1	7231564	0	1	10026	1	0	10000	other	0
SB3_027	457	Picture	NMBK	7242426	0	1	20053	1	0	20000	other	0
SB3_027	457	Response	1	7247964	5538	0	NA	NA	NA	NA	NA	NA
SB3_027	458	Picture	fix1	7262645	0	1	10026	1	0	10000	other	0
SB3_027	459	Picture	NWM	7273674	0	1	20052	1	0	20000	other	0
SB3_027	459	Response	2	7277883	4209	0	NA	NA	NA	NA	NA	NA
SB3_027	460	Picture	fix1	7293894	0	1	10026	1	0	10000	other	0
SB3_027	461	Picture	NMK	7304755	0	1	20053	1	0	20000	other	0
SB3_027	461	Response	1	7309099	4344	0	NA	NA	NA	NA	NA	NA
SB3_027	462	Picture	fix1	7324975	0	1	10026	1	0	10000	other	0
SB3_027	463	Picture	NMBM	7335837	0	1	20053	1	0	20000	other	0
SB3_027	463	Response	1	7341512	5676	0	NA	NA	NA	NA	NA	NA
SB3_027	464	Picture	fix1	7356056	0	1	10026	1	0	10000	other	0
SB3_027	465	Picture	NWK	7366918	0	1	20052	1	0	20000	other	0
SB3_027	465	Response	2	7374223	7305	0	NA	NA	NA	NA	NA	NA
SB3_027	466	Picture	fix1	7387138	0	1	10026	1	0	10000	other	0
SB3_027	467	Picture	NWBM	7397999	0	1	20053	1	0	20000	other	0
SB3_027	467	Response	2	7402149	4149	0	NA	NA	NA	NA	NA	NA
SB3_027	468	Picture	fix1	7418219	0	1	10026	1	0	10000	other	0
SB3_027	469	Picture	ripf	7428412	0	1	50131	1	0	50000	other	0
SB3_027	470	Picture	ricorda	7478711	0	1	50131	1	0	50000	other	0
SB3_027	471	Picture	avv	7529009	0	1	50131	1	0	50000	other	0
SB3_027	472	Picture	cinque	7579307	0	1	10026	1	0	10000	other	0
SB3_027	473	Picture	quattro	7589501	0	1	10026	1	0	10000	other	0
SB3_027	474	Picture	tre	7599694	0	1	10026	1	0	10000	other	0
SB3_027	475	Picture	due	7609887	0	1	10026	1	0	10000	other	0
SB3_027	476	Picture	uno	7620081	0	1	10026	1	0	10000	other	0
SB3_027	477	Picture	zero	7630274	0	1	10026	1	0	10000	other	0
SB3_027	478	Picture	pulo	7640467	0	1	167	1	0	10	other	0
SB3_027	479	Picture	HMR	7641303	0	1	20052	1	0	20000	other	0
SB3_027	479	Response	1	7648393	7090	0	NA	NA	NA	NA	NA	NA
SB3_027	480	Picture	fix1	7661522	0	1	10026	1	0	10000	other	0
SB3_027	481	Picture	HWG	7672217	0	1	20053	1	0	20000	other	0
SB3_027	481	Response	1	7676220	4003	0	NA	NA	NA	NA	NA	NA
SB3_027	482	Picture	fix1	7692437	0	1	10026	1	0	10000	other	0
SB3_027	483	Picture	FMR	7703131	0	1	20052	1	0	20000	other	0
SB3_027	483	Response	2	7708135	5004	0	NA	NA	NA	NA	NA	NA
SB3_027	484	Picture	fix1	7723351	0	1	10026	1	0	10000	other	0
SB3_027	485	Picture	FWG	7733878	0	1	20053	1	0	20000	other	0
SB3_027	485	Response	2	7737957	4079	0	NA	NA	NA	NA	NA	NA
SB3_027	486	Picture	fix1	7754098	0	1	10026	1	0	10000	other	0
SB3_027	487	Picture	FWR	7764793	0	1	20052	1	0	20000	other	0
SB3_027	487	Response	2	7769276	4483	0	NA	NA	NA	NA	NA	NA
SB3_027	488	Picture	fix1	7785012	0	1	10026	1	0	10000	other	0
SB3_027	489	Picture	HMG	7795540	0	1	20052	1	0	20000	other	0
SB3_027	489	Response	1	7800098	4558	0	NA	NA	NA	NA	NA	NA
SB3_027	490	Picture	fix1	7815759	0	1	10026	1	0	10000	other	0
SB3_027	491	Picture	HWR	7826454	0	1	20053	1	0	20000	other	0
SB3_027	491	Response	1	7834109	7655	0	NA	NA	NA	NA	NA	NA
SB3_027	492	Picture	fix1	7846674	0	1	10026	1	0	10000	other	0
SB3_027	493	Picture	FMG	7857201	0	1	20052	1	0	20000	other	0
SB3_027	493	Response	2	7864838	7637	0	NA	NA	NA	NA	NA	NA
SB3_027	494	Picture	fix1	7877421	0	1	10026	1	0	10000	other	0
SB3_027	495	Picture	HMR	7887948	0	1	20052	1	0	20000	other	0
SB3_027	495	Response	1	7894055	6106	0	NA	NA	NA	NA	NA	NA
SB3_027	496	Picture	fix1	7908168	0	1	10026	1	0	10000	other	0
SB3_027	497	Picture	HWG	7918863	0	1	20052	1	0	20000	other	0
SB3_027	497	Response	1	7924078	5215	0	NA	NA	NA	NA	NA	NA
SB3_027	498	Picture	fix1	7939082	0	1	10026	1	0	10000	other	0
SB3_027	499	Picture	FMR	7949777	0	1	20053	1	0	20000	other	0
SB3_027	499	Response	2	7954401	4624	0	NA	NA	NA	NA	NA	NA
SB3_027	500	Picture	fix1	7969996	0	1	10026	1	0	10000	other	0
SB3_027	501	Picture	FWG	7980691	0	1	20052	1	0	20000	other	0
SB3_027	501	Response	1	7986522	5831	0	NA	NA	NA	NA	NA	NA
SB3_027	501	Response	2	7988716	8025	0	NA	NA	NA	NA	NA	NA
SB3_027	502	Picture	fix1	8000911	0	1	10026	1	0	10000	other	0
SB3_027	503	Picture	FWR	8011438	0	1	20053	1	0	20000	other	0
SB3_027	503	Response	2	8017198	5760	0	NA	NA	NA	NA	NA	NA
SB3_027	504	Picture	fix1	8031658	0	1	10026	1	0	10000	other	0
SB3_027	505	Picture	HMG	8042185	0	1	20052	1	0	20000	other	0
SB3_027	505	Response	1	8047372	5187	0	NA	NA	NA	NA	NA	NA
SB3_027	506	Picture	fix1	8062405	0	1	10026	1	0	10000	other	0
SB3_027	507	Picture	HWR	8073100	0	1	20052	1	0	20000	other	0
SB3_027	507	Response	1	8079492	6392	0	NA	NA	NA	NA	NA	NA
SB3_027	508	Picture	fix1	8093319	0	1	10026	1	0	10000	other	0
SB3_027	509	Picture	FMG	8104014	0	1	20052	1	0	20000	other	0
SB3_027	509	Response	2	8109614	5600	0	NA	NA	NA	NA	NA	NA
SB3_027	510	Picture	fix1	8124233	0	1	10026	1	0	10000	other	0
SB3_027	511	Picture	HMR	8134928	0	1	20052	1	0	20000	other	0
SB3_027	511	Response	2	8144128	9200	0	NA	NA	NA	NA	NA	NA
SB3_027	511	Response	1	8147020	12092	0	NA	NA	NA	NA	NA	NA
SB3_027	512	Picture	fix1	8155148	0	1	10026	1	0	10000	other	0
SB3_027	513	Picture	HWG	8165842	0	1	20052	1	0	20000	other	0
SB3_027	513	Response	1	8172356	6514	0	NA	NA	NA	NA	NA	NA
SB3_027	514	Picture	fix1	8186062	0	1	10026	1	0	10000	other	0
SB3_027	515	Picture	FMR	8196756	0	1	20052	1	0	20000	other	0
SB3_027	515	Response	2	8204075	7319	0	NA	NA	NA	NA	NA	NA
SB3_027	516	Picture	fix1	8216976	0	1	10026	1	0	10000	other	0
SB3_027	517	Picture	FWG	8227671	0	1	20052	1	0	20000	other	0
SB3_027	517	Response	2	8233302	5631	0	NA	NA	NA	NA	NA	NA
SB3_027	518	Picture	fix1	8247890	0	1	10026	1	0	10000	other	0
SB3_027	519	Picture	FWR	8258585	0	1	20052	1	0	20000	other	0
SB3_027	519	Response	2	8265320	6735	0	NA	NA	NA	NA	NA	NA
SB3_027	520	Picture	fix1	8278805	0	1	10026	1	0	10000	other	0
SB3_027	521	Picture	HMG	8289499	0	1	20053	1	0	20000	other	0
SB3_027	521	Response	1	8295643	6144	0	NA	NA	NA	NA	NA	NA
SB3_027	522	Picture	fix1	8309719	0	1	10026	1	0	10000	other	0
SB3_027	523	Picture	HWR	8320413	0	1	20053	1	0	20000	other	0
SB3_027	523	Response	1	8326666	6252	0	NA	NA	NA	NA	NA	NA
SB3_027	524	Picture	fix1	8340633	0	1	10193	1	0	10000	other	0
SB3_027	525	Picture	FMG	8351495	0	1	20052	1	0	20000	other	0
SB3_027	525	Response	2	8358282	6787	0	NA	NA	NA	NA	NA	NA
SB3_027	526	Picture	fix1	8371714	0	1	10026	1	0	10000	other	0
SB3_027	527	Picture	HMR	8382409	0	1	20052	1	0	20000	other	0
SB3_027	527	Response	1	8387904	5495	0	NA	NA	NA	NA	NA	NA
SB3_027	528	Picture	fix1	8402629	0	1	10026	1	0	10000	other	0
SB3_027	529	Picture	HWG	8413490	0	1	20052	1	0	20000	other	0
SB3_027	529	Response	1	8418025	4535	0	NA	NA	NA	NA	NA	NA
SB3_027	530	Picture	fix1	8433710	0	1	10026	1	0	10000	other	0
SB3_027	531	Picture	FMR	8444405	0	1	20052	1	0	20000	other	0
SB3_027	531	Response	2	8449348	4943	0	NA	NA	NA	NA	NA	NA
SB3_027	532	Picture	fix1	8464624	0	1	10026	1	0	10000	other	0
SB3_027	533	Picture	FWG	8475319	0	1	20053	1	0	20000	other	0
SB3_027	533	Response	2	8483859	8540	0	NA	NA	NA	NA	NA	NA
SB3_027	534	Picture	fix1	8495538	0	1	10026	1	0	10000	other	0
SB3_027	535	Picture	FWR	8506233	0	1	20053	1	0	20000	other	0
SB3_027	535	Response	2	8511988	5755	0	NA	NA	NA	NA	NA	NA
SB3_027	536	Picture	fix1	8526453	0	1	10026	1	0	10000	other	0
SB3_027	537	Picture	HMG	8537147	0	1	20053	1	0	20000	other	0
SB3_027	537	Response	1	8542711	5563	0	NA	NA	NA	NA	NA	NA
SB3_027	538	Picture	fix1	8557367	0	1	10026	1	0	10000	other	0
SB3_027	539	Picture	HWR	8568062	0	1	20052	1	0	20000	other	0
SB3_027	539	Response	1	8572337	4276	0	NA	NA	NA	NA	NA	NA
SB3_027	540	Picture	fix1	8588281	0	1	10026	1	0	10000	other	0
SB3_027	541	Picture	FMG	8598976	0	1	20053	1	0	20000	other	0
SB3_027	541	Response	2	8604257	5281	0	NA	NA	NA	NA	NA	NA
SB3_027	542	Picture	fix1	8619195	0	1	10026	1	0	10000	other	0
SB3_027	543	Picture	HMR	8630057	0	1	20052	1	0	20000	other	0
SB3_027	543	Response	1	8635480	5423	0	NA	NA	NA	NA	NA	NA
SB3_027	544	Picture	fix1	8650277	0	1	10026	1	0	10000	other	0
SB3_027	545	Picture	HWG	8661139	0	1	20053	1	0	20000	other	0
SB3_027	545	Response	1	8666603	5464	0	NA	NA	NA	NA	NA	NA
SB3_027	546	Picture	fix1	8681358	0	1	10026	1	0	10000	other	0
SB3_027	547	Picture	FMR	8692220	0	1	20052	1	0	20000	other	0
SB3_027	547	Response	2	8697927	5707	0	NA	NA	NA	NA	NA	NA
SB3_027	548	Picture	fix1	8712439	0	1	10026	1	0	10000	other	0
SB3_027	549	Picture	FWG	8723301	0	1	20052	1	0	20000	other	0
SB3_027	549	Response	2	8730446	7144	0	NA	NA	NA	NA	NA	NA
SB3_027	550	Picture	fix1	8743521	0	1	10026	1	0	10000	other	0
SB3_027	551	Picture	FWR	8754383	0	1	20053	1	0	20000	other	0
SB3_027	551	Response	2	8760174	5791	0	NA	NA	NA	NA	NA	NA
SB3_027	552	Picture	fix1	8774602	0	1	10026	1	0	10000	other	0
SB3_027	553	Picture	HMG	8785297	0	1	20053	1	0	20000	other	0
SB3_027	553	Response	1	8792095	6798	0	NA	NA	NA	NA	NA	NA
SB3_027	554	Picture	fix1	8805516	0	1	10026	1	0	10000	other	0
SB3_027	555	Picture	HWR	8816378	0	1	20053	1	0	20000	other	0
SB3_027	555	Response	1	8820226	3848	0	NA	NA	NA	NA	NA	NA
SB3_027	556	Picture	fix1	8836598	0	1	10026	1	0	10000	other	0
SB3_027	557	Picture	FMG	8847460	0	1	20052	1	0	20000	other	0
SB3_027	557	Response	2	8854145	6685	0	NA	NA	NA	NA	NA	NA
SB3_027	558	Picture	fix1	8867679	0	1	10026	1	0	10000	other	0
SB3_027	559	Picture	HMR	8878541	0	1	20053	1	0	20000	other	0
SB3_027	559	Response	1	8887166	8625	0	NA	NA	NA	NA	NA	NA
SB3_027	560	Picture	fix1	8898760	0	1	10026	1	0	10000	other	0
SB3_027	561	Picture	HWG	8909622	0	1	20052	1	0	20000	other	0
SB3_027	561	Response	1	8916597	6975	0	NA	NA	NA	NA	NA	NA
SB3_027	562	Picture	fix1	8929842	0	1	10026	1	0	10000	other	0
SB3_027	563	Picture	FMR	8940703	0	1	20053	1	0	20000	other	0
SB3_027	563	Response	2	8948224	7521	0	NA	NA	NA	NA	NA	NA
SB3_027	564	Picture	fix1	8960923	0	1	10026	1	0	10000	other	0
SB3_027	565	Picture	FWG	8971785	0	1	20052	1	0	20000	other	0
SB3_027	565	Response	2	8977158	5373	0	NA	NA	NA	NA	NA	NA
SB3_027	566	Picture	fix1	8992004	0	1	10026	1	0	10000	other	0
SB3_027	567	Picture	FWR	9002699	0	1	20052	1	0	20000	other	0
SB3_027	567	Response	2	9010280	7581	0	NA	NA	NA	NA	NA	NA
SB3_027	568	Picture	fix1	9022919	0	1	10026	1	0	10000	other	0
SB3_027	569	Picture	HMG	9033781	0	1	20052	1	0	20000	other	0
SB3_027	569	Response	1	9038912	5132	0	NA	NA	NA	NA	NA	NA
SB3_027	570	Picture	fix1	9054000	0	1	10026	1	0	10000	other	0
SB3_027	571	Picture	HWR	9064695	0	1	20052	1	0	20000	other	0
SB3_027	571	Response	1	9073530	8835	0	NA	NA	NA	NA	NA	NA
SB3_027	572	Picture	fix1	9084914	0	1	10026	1	0	10000	other	0
SB3_027	573	Picture	FMG	9095776	0	1	20052	1	0	20000	other	0
SB3_027	573	Response	2	9104258	8482	0	NA	NA	NA	NA	NA	NA
SB3_027	574	Picture	fix1	9115996	0	1	10026	1	0	10000	other	0
SB3_027	575	Picture	HMR	9126857	0	1	20052	1	0	20000	other	0
SB3_027	575	Response	1	9133591	6733	0	NA	NA	NA	NA	NA	NA
SB3_027	576	Picture	fix1	9147077	0	1	10026	1	0	10000	other	0
SB3_027	577	Picture	HWG	9157939	0	1	20052	1	0	20000	other	0
SB3_027	577	Response	1	9164419	6480	0	NA	NA	NA	NA	NA	NA
SB3_027	578	Picture	fix1	9178158	0	1	10026	1	0	10000	other	0
SB3_027	579	Picture	FMR	9189020	0	1	20053	1	0	20000	other	0
SB3_027	579	Response	2	9200238	11218	0	NA	NA	NA	NA	NA	NA
SB3_027	580	Picture	fix1	9209240	0	1	10026	1	0	10000	other	0
SB3_027	581	Picture	FWG	9220101	0	1	20053	1	0	20000	other	0
SB3_027	581	Response	2	9227078	6976	0	NA	NA	NA	NA	NA	NA
SB3_027	582	Picture	fix1	9240321	0	1	10026	1	0	10000	other	0
SB3_027	583	Picture	FWR	9251183	0	1	20052	1	0	20000	other	0
SB3_027	583	Response	2	9259207	8024	0	NA	NA	NA	NA	NA	NA
SB3_027	584	Picture	fix1	9271402	0	1	10026	1	0	10000	other	0
SB3_027	585	Picture	HMG	9282264	0	1	20052	1	0	20000	other	0
SB3_027	585	Response	1	9287942	5678	0	NA	NA	NA	NA	NA	NA
SB3_027	586	Picture	fix1	9302484	0	1	10026	1	0	10000	other	0
SB3_027	587	Picture	HWR	9313345	0	1	20053	1	0	20000	other	0
SB3_027	587	Response	1	9318972	5627	0	NA	NA	NA	NA	NA	NA
SB3_027	588	Picture	fix1	9333565	0	1	10026	1	0	10000	other	0
SB3_027	589	Picture	FMG	9344427	0	1	20052	1	0	20000	other	0
SB3_027	589	Response	2	9354989	10562	0	NA	NA	NA	NA	NA	NA
SB3_027	590	Picture	fix1	9364646	0	1	10026	1	0	10000	other	0
SB3_027	591	Picture	HMR	9375508	0	1	20053	1	0	20000	other	0
SB3_027	591	Response	1	9381930	6422	0	NA	NA	NA	NA	NA	NA
SB3_027	592	Picture	fix1	9395728	0	1	10026	1	0	10000	other	0
SB3_027	593	Picture	HWG	9406589	0	1	20053	1	0	20000	other	0
SB3_027	593	Response	1	9411165	4576	0	NA	NA	NA	NA	NA	NA
SB3_027	594	Picture	fix1	9426809	0	1	10026	1	0	10000	other	0
SB3_027	595	Picture	FMR	9437671	0	1	20053	1	0	20000	other	0
SB3_027	595	Response	2	9443193	5522	0	NA	NA	NA	NA	NA	NA
SB3_027	596	Picture	fix1	9457890	0	1	10026	1	0	10000	other	0
SB3_027	597	Picture	FWG	9468752	0	1	20053	1	0	20000	other	0
SB3_027	597	Response	2	9474925	6172	0	NA	NA	NA	NA	NA	NA
SB3_027	598	Picture	fix1	9488972	0	1	10026	1	0	10000	other	0
SB3_027	599	Picture	FWR	9499834	0	1	20052	1	0	20000	other	0
SB3_027	599	Response	2	9505956	6122	0	NA	NA	NA	NA	NA	NA
SB3_027	600	Picture	fix1	9520053	0	1	10026	1	0	10000	other	0
SB3_027	601	Picture	HMG	9530915	0	1	20053	1	0	20000	other	0
SB3_027	601	Response	1	9536290	5376	0	NA	NA	NA	NA	NA	NA
SB3_027	602	Picture	fix1	9551134	0	1	10026	1	0	10000	other	0
SB3_027	603	Picture	HWR	9561996	0	1	20052	1	0	20000	other	0
SB3_027	603	Response	1	9570116	8120	0	NA	NA	NA	NA	NA	NA
SB3_027	604	Picture	fix1	9582216	0	1	10026	1	0	10000	other	0
SB3_027	605	Picture	FMG	9593077	0	1	20052	1	0	20000	other	0
SB3_027	605	Response	2	9604741	11663	0	NA	NA	NA	NA	NA	NA
SB3_027	606	Picture	fix1	9613297	0	1	10026	1	0	10000	other	0
SB3_027	607	Picture	HMR	9624326	0	1	20052	1	0	20000	other	0
SB3_027	607	Response	1	9632080	7754	0	NA	NA	NA	NA	NA	NA
SB3_027	608	Picture	fix1	9644546	0	1	10026	1	0	10000	other	0
SB3_027	609	Picture	HWG	9655574	0	1	20052	1	0	20000	other	0
SB3_027	609	Response	1	9663312	7737	0	NA	NA	NA	NA	NA	NA
SB3_027	610	Picture	fix1	9675794	0	1	10026	1	0	10000	other	0
SB3_027	611	Picture	FMR	9686656	0	1	20052	1	0	20000	other	0
SB3_027	611	Response	2	9692448	5792	0	NA	NA	NA	NA	NA	NA
SB3_027	612	Picture	fix1	9706875	0	1	10026	1	0	10000	other	0
SB3_027	613	Picture	FWG	9717737	0	1	20053	1	0	20000	other	0
SB3_027	613	Response	2	9723576	5839	0	NA	NA	NA	NA	NA	NA
SB3_027	614	Picture	fix1	9737957	0	1	10026	1	0	10000	other	0
